observation_date,A824RE1A156NBEA
1929-01-01,1.0
1930-01-01,1.2
1931-01-01,1.4
1932-01-01,1.8
1933-01-01,1.7
1934-01-01,1.4
1935-01-01,1.6
1936-01-01,1.7
1937-01-01,1.6
1938-01-01,1.7
1939-01-01,1.8
1940-01-01,2.7
1941-01-01,11.9
1942-01-01,32.2
1943-01-01,42.7
1944-01-01,43.3
1945-01-01,37.2
1946-01-01,12.3
1947-01-01,8.4
1948-01-01,7.6
1949-01-01,8.2
1950-01-01,7.6
1951-01-01,12.6
1952-01-01,15.6
1953-01-01,15.7
1954-01-01,13.9
1955-01-01,12.3
1956-01-01,12.2
1957-01-01,12.6
1958-01-01,12.9
1959-01-01,11.7
1960-01-01,11.2
1961-01-01,11.5
1962-01-01,11.5
1963-01-01,11.0
1964-01-01,10.2
1965-01-01,9.5
1966-01-01,10.1
1967-01-01,11.1
1968-01-01,10.8
1969-01-01,10.0
1970-01-01,9.4
1971-01-01,8.4
1972-01-01,7.9
1973-01-01,7.2
1974-01-01,7.1
1975-01-01,7.0
1976-01-01,6.7
1977-01-01,6.5
1978-01-01,6.2
1979-01-01,6.1
1980-01-01,6.4
1981-01-01,6.7
1982-01-01,7.3
1983-01-01,7.5
1984-01-01,7.4
1985-01-01,7.6
1986-01-01,7.7
1987-01-01,7.7
1988-01-01,7.3
1989-01-01,6.9
1990-01-01,6.8
1991-01-01,6.7
1992-01-01,6.2
1993-01-01,5.7
1994-01-01,5.2
1995-01-01,4.9
1996-01-01,4.7
1997-01-01,4.3
1998-01-01,4.1
1999-01-01,4.0
2000-01-01,3.8
2001-01-01,3.9
2002-01-01,4.2
2003-01-01,4.5
2004-01-01,4.7
2005-01-01,4.7
2006-01-01,4.6
2007-01-01,4.7
2008-01-01,5.1
2009-01-01,5.4
2010-01-01,5.5
2011-01-01,5.3
2012-01-01,5.0
2013-01-01,4.5
2014-01-01,4.2
2015-01-01,4.0
2016-01-01,3.9
2017-01-01,3.8
2018-01-01,3.8
2019-01-01,3.9
2020-01-01,4.1
2021-01-01,3.8
2022-01-01,3.6
2023-01-01,3.6
2024-01-01,3.7
2025-01-01,3.7
