dates,gdp,cons,gov,def_share,gdp_index_1950q1,cons_index_1950q1,gov_index_1950q1
1947-01-01,2182.681,1351.397,560.515,9.4,93.034281515227,90.8286028064582,87.3023289862454
1947-04-01,2176.892,1373.88,560.091,8.6,92.7875320105162,92.3397053743176,87.2362893842897
1947-07-01,2172.432,1378.358,560.034,8,92.5974296109635,92.6406757652296,87.2274114189325
1947-10-01,2206.452,1378.796,555.556,7.9,94.0474932057573,92.6701141375431,86.5299460001651
1948-01-01,2239.682,1385.667,563.895,7.8,95.4638839539935,93.1319202018477,87.8287767565522
1948-04-01,2276.69,1401.789,583.846,7.5,97.0413076317163,94.2154942622058,90.936220385366
1948-07-01,2289.77,1403.859,596.087,7.4,97.5988276734535,94.3546208162898,92.8428023842788
1948-10-01,2292.364,1415.063,618.1,7.7,97.7093939569601,95.107651691631,96.2714103037355
1949-01-01,2260.807,1417.353,634.547,8.2,96.3643129204843,95.2615646427674,98.833092693746
1949-04-01,2253.128,1439.077,662.174,8.4,96.0370043271739,96.7216541407961,103.136102324002
1949-07-01,2276.424,1442.341,665.721,8.3,97.0299696859133,96.9410305043371,103.688560975268
1949-10-01,2257.352,1463.488,654.121,8,96.2170474966157,98.3623393155511,101.881817148179
1950-01-01,2346.104,1487.854,642.039,7.4,100,100,100
1950-04-01,2417.682,1512.357,653.806,7.2,103.050930393538,101.646868577159,101.832754708047
1950-07-01,2511.127,1590.019,643.275,7.4,107.033916655016,106.866601158447,100.192511669852
1950-10-01,2559.214,1542.087,688.73,8.1,109.083570037816,103.645048506103,107.272299657809
1951-01-01,2593.967,1579.375,762.013,10,110.564876919352,106.151208384694,118.68640378544
1951-04-01,2638.898,1534.744,863.552,11.7,112.480009411347,103.151518899032,134.501486669813
1951-07-01,2693.259,1552.624,958.43,13.7,114.797084869213,104.353249714018,149.279093637614
1951-10-01,2699.156,1561.67,1009.059,14.8,115.048437750415,104.961239476454,157.164751673964
1952-01-01,2727.954,1565.288,1039.017,14.9,116.275919567078,105.20440849707,161.830823361198
1952-04-01,2733.8,1595.941,1074.374,15.8,116.525098631604,107.264624082739,167.337809696919
1952-07-01,2753.517,1603.596,1085.214,16,117.365513208281,107.779123489267,169.026180652577
1952-10-01,2843.941,1660.168,1103.302,15.9,121.219732799569,111.581378280396,171.843454992609
1953-01-01,2896.811,1679.665,1138.261,15.8,123.473256087539,112.891789113717,177.288451324608
1953-04-01,2919.206,1689.777,1161.607,15.8,124.42781735166,113.571425690962,180.924679030402
1953-07-01,2902.785,1685.752,1149.285,15.6,123.727891005684,113.300901835798,179.005480975455
1953-10-01,2858.845,1674.449,1146.434,15.6,121.854998755383,112.541217081784,178.561426953814
1954-01-01,2845.192,1680.625,1116.653,14.9,121.273055243928,112.956311573582,173.922923685321
1954-04-01,2848.305,1702.449,1078.86,14.3,121.405743308907,114.42312216118,168.036521145912
1954-07-01,2880.482,1725.489,1055.542,13.6,122.777251136352,115.97166119794,164.404654545908
1954-10-01,2936.852,1761.703,1049.2,13,125.179957921729,118.405636574556,163.416864084581
1955-01-01,3020.746,1801.231,1049.83,12.7,128.755843730713,121.062348859498,163.514988964845
1955-04-01,3069.91,1835.737,1039.546,12.3,130.851403006857,123.381528026271,161.913217109864
1955-07-01,3111.379,1858.411,1046.213,12.3,132.618971707989,124.905467875208,162.951627549105
1955-10-01,3130.068,1881.748,1025.47,11.9,133.415568960285,126.473968547989,159.720826927959
