dates,gdp,cons,gov,def_share,gdp_index_1939,cons_index_1939,gov_index_1939
1929-01-01,1191.124,880.634,192.96,1,90.7616402449014,90.7955282402782,61.7021820879486
1930-01-01,1089.785,833.46,212.529,1.2,83.0397793296834,85.9317729807642,67.9596966053567
1931-01-01,1019.977,807.428,221.261,1.4,77.7205274447277,83.2478098460784,70.7518994141874
1932-01-01,888.414,735.141,214.177,1.8,67.6956486952944,75.7948426089458,68.4866721240183
1933-01-01,877.431,718.926,207.315,1.7,66.8587626155833,74.1230362848473,66.2924330408534
1934-01-01,972.263,770.287,232.966,1.4,74.0848011033516,79.4184815276485,74.4947686168172
1935-01-01,1058.836,817.04,240.201,1.6,80.6815177180129,84.238830653185,76.808280678417
1936-01-01,1195.251,900.159,277.992,1.7,91.0761106856705,92.8086036937486,88.8925839707349
1937-01-01,1256.503,933.45,267.102,1.6,95.7434097983411,96.2409875565646,85.410324627152
1938-01-01,1214.869,918.532,287.405,1.7,92.5709692044515,94.7029051179028,91.9025479010514
1939-01-01,1312.365,969.909,312.728,1.8,100,100,100
1940-01-01,1428.075,1020.138,324,2.7,108.816906881851,105.178733262605,103.604410222302
1941-01-01,1681.049,1092.242,545.308,11.9,128.093099099717,112.612832750289,174.371338671305
1942-01-01,1998.542,1066.328,1266.461,32.2,152.285530321214,109.941035705412,404.972052390576
1943-01-01,2338.761,1096.056,1898.647,42.7,178.209644420569,113.006065517487,607.124082269576
1944-01-01,2524.752,1127.231,2131.131,43.3,192.38184498977,116.220284583399,681.464723337853
1945-01-01,2500.057,1196.935,1871.473,37.2,190.500127632175,123.406938176674,598.434742012228
1946-01-01,2209.911,1344.928,658.881,12.3,168.391491696289,138.665379948016,210.688201887903
1947-01-01,2184.614,1370.608,559.049,8.4,166.463902953828,141.313051018188,178.765252871505
1948-01-01,2274.627,1401.595,590.482,7.6,173.322741767725,144.507886822372,188.816479496559
1949-01-01,2261.928,1440.565,654.141,8.2,172.355099381651,148.525789532832,209.172507738354
1950-01-01,2458.532,1533.079,656.962,7.6,187.335992654483,158.06421014755,210.074569594024
1951-01-01,2656.32,1557.103,898.264,12.6,202.407104730772,160.541143550581,287.234913407178
1952-01-01,2764.803,1606.248,1075.477,15.6,210.673326399287,165.608113750878,343.901729298304
1953-01-01,2894.411,1682.411,1148.897,15.7,220.549237445375,173.46070610748,367.379000281395
1954-01-01,2877.708,1717.566,1075.064,13.9,219.276497011121,177.085272948287,343.76966565194
1955-01-01,3083.026,1844.282,1040.265,12.3,234.921382389808,190.15000376324,332.642104320688
1956-01-01,3148.765,1898.177,1042.757,12.2,239.930583336191,195.706710629554,333.438962932644
1957-01-01,3215.065,1945.234,1090.781,12.6,244.982531536577,200.558402901716,348.795438847817
1958-01-01,3191.216,1962.088,1127.283,12.9,243.165277952399,202.2960916952,360.467562866133
1959-01-01,3412.421,2074.039,1155.763,11.7,260.020725941335,213.83851474726,369.574518431352
1960-01-01,3500.272,2130.948,1163.092,11.2,266.714824000945,219.705972415969,371.918088562585
