observation_date,GCECA
1929-01-01,192.960
1930-01-01,212.529
1931-01-01,221.261
1932-01-01,214.177
1933-01-01,207.315
1934-01-01,232.966
1935-01-01,240.201
1936-01-01,277.992
1937-01-01,267.102
1938-01-01,287.405
1939-01-01,312.728
1940-01-01,324.000
1941-01-01,545.308
1942-01-01,1266.461
1943-01-01,1898.647
1944-01-01,2131.131
1945-01-01,1871.473
1946-01-01,658.881
1947-01-01,559.049
1948-01-01,590.482
1949-01-01,654.141
1950-01-01,656.962
1951-01-01,898.264
1952-01-01,1075.477
1953-01-01,1148.897
1954-01-01,1075.064
1955-01-01,1040.265
1956-01-01,1042.757
1957-01-01,1090.781
1958-01-01,1127.283
1959-01-01,1155.763
1960-01-01,1163.092
1961-01-01,1226.091
1962-01-01,1306.505
1963-01-01,1338.252
1964-01-01,1371.129
1965-01-01,1415.048
1966-01-01,1538.290
1967-01-01,1660.397
1968-01-01,1716.835
1969-01-01,1718.436
1970-01-01,1682.120
1971-01-01,1650.501
1972-01-01,1641.803
1973-01-01,1636.532
1974-01-01,1672.512
1975-01-01,1709.318
1976-01-01,1718.222
1977-01-01,1738.924
1978-01-01,1788.789
1979-01-01,1820.979
1980-01-01,1853.938
1981-01-01,1871.865
1982-01-01,1905.505
1983-01-01,1976.618
1984-01-01,2046.020
1985-01-01,2182.561
1986-01-01,2301.064
1987-01-01,2367.850
1988-01-01,2397.245
1989-01-01,2465.299
1990-01-01,2544.189
1991-01-01,2574.738
1992-01-01,2586.667
1993-01-01,2565.486
1994-01-01,2567.656
1995-01-01,2580.767
1996-01-01,2604.705
1997-01-01,2647.415
1998-01-01,2711.638
1999-01-01,2800.165
2000-01-01,2851.165
2001-01-01,2958.661
2002-01-01,3090.515
2003-01-01,3153.886
2004-01-01,3202.196
2005-01-01,3226.193
2006-01-01,3277.244
2007-01-01,3335.857
2008-01-01,3420.087
2009-01-01,3542.714
2010-01-01,3539.654
2011-01-01,3426.851
2012-01-01,3355.958
2013-01-01,3275.590
2014-01-01,3247.263
2015-01-01,3313.574
2016-01-01,3378.508
2017-01-01,3397.141
2018-01-01,3465.000
2019-01-01,3600.383
2020-01-01,3722.696
2021-01-01,3718.641
2022-01-01,3672.710
2023-01-01,3800.688
2024-01-01,3945.322
2025-01-01,3989.745
